job_id,job_title,company,industry,location,experience,education,salary,tags,update_date,job_description,job_categories,management_responsibility,work_shift,remote_work,BT_EXP,languages,tools,work_skills,other_conditions,update_date_clean,unique_key
7bnu9,資深視覺工程師_竹北-台元科技園區(P20),均華精密工業股份有限公司,半導體製造業,新竹縣竹北市,10年以上,大學,待遇面議,"年終獎金, 節日獎金/禮品, 津貼/補助, 分紅配股, 家庭日",12/01,"1. 視覺檢測程式架構開發。 
2. 演算法開發。
3. 視覺硬體架構規劃。","光學工程師, 軟體工程師, 演算法工程師",不需負擔管理責任,日班,未知,需出差，一年累積時間約三個月以下,英文,"C#, Visual C++","軟體工程系統開發, 軟體程式設計, 光學系統研發設計","1. 擅長工具: C#, VC++, Visual Studio MFC
2. 熟視覺演算法開發
3.熟MIL函式庫, 或自行開發檢測/定位演算法",2025-12-01,7bnu9|2025-12-01
8kqkf,訊號處理演算法實習生,巨量移動科技股份有限公司,電腦軟體服務業,台北市內湖區,經歷不拘,大學,時薪200元以上,,12/01,"我們歡迎大學在校生或即將畢業的學生申請，並且不限於特定科系。
1. 負責生醫檔案解讀及資料收集分析 。
2. 開發雜訊處理演算法。
3. 演算法以及模型測試。
4. 跨部門的專案合作開發。
5. 演算法規劃與開發文件撰寫。 

對於人工智慧領域和數據處理的基本了解或激情是加分項目。

我們歡迎有上進心、願意挑戰自我，並持續追求個人和專業成長的個人申請。

關於我們的詳細職缺內容都可以在面試中確認
我們徵才職缺屬於常態性職缺，會一直開放申請，
只是104平台不一定會一直開啟， 由於有時候同時收到太多履歷 會整理好再開放


公司除了給實習生實習薪資外 另有實習獎學金，至少有人領取超過二萬元台幣。
***************************************************************************
如有興趣 若可以請準備個人履歷或相關作品說明                                                                               
線上筆試測驗表單 : 
https://forms.gle/DC2keERhbncpb7Ds5
Google Colab連結  (記得複製一份作答，檔案名稱設定為Technical interview (AI position) v2.0_XXX : 
https://colab.research.google.com/drive/1e0AfKRnrtFyrWmYJUhESrU6x9jExtdJx?usp=sharing

***************************************************************************","AI工程師, 演算法工程師, 資料工程師",不需負擔管理責任,日班，09:30~18: 30 ( 午休 12:00-13:00),未知,無需出差外派,不拘,"Excel, PowerPoint, 中文打字50~75",不拘,"1.有責任心、團隊精神、溝通、樂於自主學習
2.領域不拘，但對醫學應用有經驗或興趣

薪資範圍：
1.面議
2.如有其他實務經驗或能力證明，薪資幅度可談。
3.另設有專案獎金(專案完成後可以領取))",2025-12-01,8kqkf|2025-12-01
87vv2,"區塊鏈架構師 Blockchain Architect (數數發中心, DDT)_I00015119",國泰金控_國泰金融控股股份有限公司,金融控股業,台北市信義區,5年以上,學歷不拘,待遇面議,"上市上櫃, 年終獎金, 節日獎金/禮品, 津貼/補助, 分紅配股",12/01,"國泰自 2018 年成立區塊鏈團隊，從技術研究、底層開發、業務導入到跨鏈串接，一路走來持續推出實際可落地的區塊鏈產品及應用。看準 Web3 將為金融業帶來的全新商機，並於產險聯盟區塊鏈、銀行聯盟區塊鏈、電動車車聯網區塊鏈等三方面皆有相當程度的進展。
1. 規劃區塊鏈系統架構，導入到金融領域相關公司
2. 改善現有技術架構，且持續發堀及提出更佳之設計解決方案
3. 分析系統效能及資訊安全，維持團隊開發品質
4. 與內外部合作，建置跨部門/跨公司的區塊鏈去中心化系統

**請同步於 104 及以下職缺連結投遞履歷，可以讓我們在審閱履歷上會更快速喔！**
投遞連結：https://recruit.cathayholdings.com/CathaybkHR/servlet/HttpDispatcher/EZA0_0320/jobDetail?applFormNo=I00015119","軟體工程師, 演算法工程師, 其他資訊專業人員",不需負擔管理責任,日班,未知,無需出差外派,不拘,"PostgreSQL, Go, Node.js, Git, JavaScript, Linux","軟體工程系統開發, 系統整合分析, 軟體品質與保證, 系統架構規劃","1. 5 年以上軟體開發經驗
2. 1 年以上區塊鏈相關開發經驗
2. 熟悉Linux和至少一項技術領域，前或後端開發框架
3. 熟悉AWS/Azure/GCP三大公有雲服務之一
4. 具備資訊安全，網路通訊相關知識
5. 撰寫技術文件、簡報製作並具備清楚表達能力",2025-12-01,87vv2|2025-12-01
8v3wz,【AI Server】系統設計工程師,鴻海精密工業股份有限公司,消費性電子產品製造業,新北市土城區,3年以上,大學,待遇面議,"上市上櫃, 年終獎金, 節日獎金/禮品, 津貼/補助, 交通補助",12/01,"1.白牌/ODM Server L10及L11 cable design and routing
2.量產前解決試產過程的製造問題
3.內部單位及客戶溝通與問題解決
4.L10/L11 BOM 建立",機械工程師,不需負擔管理責任,日班,未知,需出差，一年累積時間未定,英文,--,不拘,"1. 教育背景: 機械 or 電機領域;機電整合領域尤佳，學歷學士以上(碩士佳)
2. 專業能力:
a. Server或Workstation機箱及MB placement 3~5年經驗
b. 高速,高功率線設計相關3~5年經驗
c. 具 Creo, AutoCAD操作能力
d. 有server/workstation實際專案開發經驗尤佳",2025-12-01,8v3wz|2025-12-01
8s0eh,IPAS AI應用規畫師(初級+中級)講師-基隆、大台北地區,聯成電腦股份有限公司(聯成電腦/聯成外語),補習班,台北市中正區,5年以上,專科,"時薪600~1,200元","遠端工作, 距捷運台北車站約270公尺, 年終獎金, 節日獎金/禮品, 津貼/補助",12/01,"【業界經驗】業界五年以上相關經驗﹅能夠獨立開發專案﹅專案經驗分享。
【授課經驗】具備一年以上教學經驗尤佳，若無則需準備教材試教以確認教學能力。
【證照需求】IPAS AI應用規畫師(初級+中級)。","講師, AI工程師, 電腦補習班老師",不需負擔管理責任,日班/晚班/假日班，依課程時段,部分遠端，線上&實體教學,無需出差外派,不拘,--,"AI, 機器學習, 生成式AI, 深度學習","熟悉AI 技術概述與應用領域
掌握需求導向的技術選擇與應用開發
熟悉AI 導入與資源配置策略
分析握AI 模型開發與優化
熟悉數據分析基礎
分析大數據處理與視覺化
規劃大數據在 AI 模型中的應用
熟機器學習基礎數學知識
規劃機器學習模型開發與調校
分析機器學習與深度學習技術差異

※通過IPAS AI應用規畫師(初級+中級)尤佳",2025-12-01,8s0eh|2025-12-01
8p18b,AI 雲系統SRE工程師/高級工程師(內湖),御麗達股份有限公司,電腦軟體服務業,台北市內湖區,經歷不拘,大學,"月薪38,000~65,000元","距捷運西湖站約140公尺, 年終獎金, 節日獎金/禮品, 津貼/補助, 彈性上下班",12/01,"1. 負責AI GPU叢集系統(openstack/K8S)的設計、部署、調校、訓練與效能優化，確保模型達成預期效能與應用目標。
2. 協助內部團隊與外部客戶完成算力系統與AI框架之介接。
3. 深入了解客戶業務需求，提供具前瞻性的顧問建議與解決方案。
4. 支援業務團隊，提供專業的技術諮詢與展示協助。
5. 撰寫並維護系統相關之技術文件與操作說明。
6. 執行主管指派之專案與其他交辦事項。

※工作待遇以實際面談後依學經歷、工作年資 核定敘薪。",雲端工程師,不需負擔管理責任,日班,未知,無需出差外派,英文,"Linux, SNMP","伺服器網站管理維護, 網路資料傳輸","1. 具openstack或K8S使用經驗者優先考慮。
2. 需配合專案需求加班 (偶爾)。",2025-12-01,8p18b|2025-12-01
8rezy,【台北】GPU 算力資源管理平台高級工程師 / 雲基礎設施開發工程師,雲智匯科技服務股份有限公司,其他電子零組件相關業,台北市內湖區,5年以上,大學,待遇面議,"距捷運西湖站約410公尺, 年終獎金, 節日獎金/禮品, 津貼/補助, 優於勞基法特休",12/01,"1. 設計開發 GPU 資源虛擬化與管理平台，實現多租戶 GPU 算力切割（如 vGPU/MIG 技術）、動態分配與回收。  
2. 構建 精細化算力計量系統，支持按 CUDA Core/hour、顯存使用量、GPU 利用率等維度實時計費。  
3. 實現 自動化部署與調度系統，集成 Kubernetes（K8s）或 Slurm 等編排工具管理 GPU 集群。  
4. 開發 計費與賬單系統，對接支付網關，生成租戶用量報表與財務數據。  
5. 優化 GPU 資源隔離性與安全性，確保多租戶環境下的數據與算力隔離。","AI工程師, 演算法工程師, 系統工程師",不需負擔管理責任,日班,未知,無需出差外派,英文,--,不拘,"1.能獨立設計高併發分布式系統架構，解決資源爭用問題。  
2.具備技術文檔撰寫能力（API 設計、系統白皮書）。  
3.良好的跨團隊協作能力（需與運維、財務、客戶成功團隊對接）。",2025-12-01,8rezy|2025-12-01
8s3e4,IPAS AI應用規畫師(初級)講師-高雄認證中心,聯成電腦股份有限公司(聯成電腦/聯成外語),補習班,高雄市新興區,5年以上,專科,"時薪500~1,000元","遠端工作, 距捷運美麗島站約390公尺, 年終獎金, 節日獎金/禮品, 津貼/補助",12/01,"【業界經驗】業界五年以上相關經驗﹅能夠獨立開發專案﹅專案經驗分享。
【授課經驗】具備一年以上教學經驗尤佳，若無則需準備教材試教以確認教學能力。
【證照需求】IPAS AI應用規畫師(初級)。","講師, AI工程師, 電腦補習班老師",不需負擔管理責任,日班/晚班/假日班，依課程時段,部分遠端，線上教學,無需出差外派,不拘,--,"AI, 機器學習, 生成式AI, 深度學習","理解人工智慧概念與應用
掌握資料處理基礎能力知識
理解機器學習基本知識
理解生成式與鑑別式 AI
理解No Code / Low Code 工具應用
熟悉生成式 AI 工具操作
規劃生成式 AI 導入

※通過IPAS AI應用規畫師(初級)尤佳",2025-12-01,8s3e4|2025-12-01
8i9lc,"系統分析師 System Analyst - 數據科技 (數數發中心, DDT)_I00018291",國泰金控_國泰金融控股股份有限公司,金融控股業,台北市信義區,3年以上,學歷不拘,待遇面議,"上市上櫃, 年終獎金, 節日獎金/禮品, 津貼/補助, 分紅配股",12/01,"[主要任務]
1. 需求訪談與規劃分析： 進行使用者需求訪談，彙整需求並進行系統規劃與分析，確保準確理解業務目標。
2. 系統流程與功能設計： 制定系統流程與功能設計，將需求轉化為具體的系統規格文件，支援技術團隊的開發工作。
3. 頁面流程與Wireframe規劃： 參與頁面流程設計，規劃wireframe，確保用戶體驗和系統功能達成一致。
4. 測試案例設計與驗證： 設計測試案例，驗證系統功能是否符合需求，協助程式碼掃描、弱掃與壓力測試，確保系統通過各項測試。
5. 跨部門協作： 與前端、後端及數據工程師合作，明確需求與規格，並持續跟進系統開發進度。
6. 系統改進與升級： 參與系統的持續優化與升級，提出改進建議並推動實施。","軟體工程師, 其他資訊專業人員",不需負擔管理責任,日班,未知,無需出差外派,不拘,--,"專案規劃執行╱範圍管理, 專案人力資源管理, 部門人力成本控制, 專案管理架構及專案說明, 專案時間╱進度控管, 專案溝通╱整合管理, 預算編製與成本控管, 專案成本╱品質╱風險管理, 規劃、組織、指導及協調組織內部行政作業, 專案採購管理, 工作任務╱業績項目分配, 督導人員工作績效, 業績目標達成, 培育人員職涯發展, 危機與議題管理, 部門績效目標管理, 協商談判能力","[必要條件]
1. 雲端專案經驗： 具備雲端技術與數位平台的開發經驗，熟悉相關架構與作業方式。
2. 數據流程與資料庫知識： 深入理解數據流程及資料庫運作原理，能夠支援數據驅動的系統設計。
3. 前後端開發經驗： 熟悉前端和後端開發技術，具備程式開發的基礎經驗，能夠更好地理解系統需求與實現。
[加分條件]
1. Hadoop環境經驗： 熟悉Hadoop環境的運作模式及技術，如Hive與HDFS。
2. Databricks平台經驗： 具備Databricks平台架構的實務經驗。
3. 雲端服務操作經驗： 具備AWS或GCP等雲端平台操作經驗，熟悉雲端部署及系統串接。",2025-12-01,8i9lc|2025-12-01
8vm55,"AICore Triage Engineer __ Google project, XinDian",HCL Technologies Taiwan_台灣愛渠西來技術股份有限公司,電腦軟體服務業,新北市新店區,5年以上,大學,"年薪700,000元以上","外商公司, 年終獎金, 津貼/補助, 健康檢查",12/01,"Quality Assurance & Testing
Provide manual and automated testing for in-market and ongoing new releases of Android products, applications, and services, including pre-release hardware and software from Google, as well as from other device manufacturers
Create test plans and execute tests for new and existing features and functionality (includes creating test plans, writing and executing test cases, production readiness certification for new features, and test status reports for new features)
Provide detailed manual and automated test results and verification of test results to Google FTEs
Provide detailed reports to Google FTEs on bugs discovered and the results of any patches against those bugs
Ensure functional test coverage
Ensure non-functional test coverage, including validation that on-device resource utilization (memory, CPU, battery) is within pre-agreed/documented acceptable bounds
Add/update/remove/maintain regression test cases
Add new feature test cases to the regression test suite including experiments.
Update test cases regularly and continually maintain the test suite
Provide maintenance of test cases/scripts and documentation
Build & Test Management
Monitor manual and automated build and test execution, including follow-through to triage issues, escalating to Google FTEs when needed
Perform and monitor manual and automated releases of Android products, applications, and services
Perform and monitor manual and automated releases of data, models, and associated configurations for Android products, applications, and services
Review proposed updates to test code and configuration
Update test code and configuration to cater for new/updated scenarios and patterns
Issue Triage & Escalation
Perform first-stage triage for incoming issues.
Incorporate Google FTE feedback into reviewing and triaging bugs.
Provide daily updates on next steps on bugs, and clear recommendations to Google FTEs for actioning.
Log, track, and verify defects associated with each release.
Triage all bugs related to each release on a daily basis.
Verify all bugs as part of each release.
Escalate to Google FTEs if build errors are unresolvable.
Escalate to Google FTEs if test harnesses are unable to complete.
Escalate to Google FTEs when issues are too complex or unsolvable, within 2 hours.
Model Quality Analysis 
Receive new model/data files, and release to internal teams for experimental, evaluatory, and development use
Perform basic / soundness checks on models, features, and any other data in AICore pipelines (e.g., perplexity task)
Execute and generate reports for academic & performance benchmarks (e.g., XSum, coco_text)
Monitor automated on-device tests and triage/escalate unexpected results (e.g. actual output differing from expected output)
Develop reports outlining performance per guidelines provided by the AICore team
Resource & Test Suite Management
Perform updates/maintenance of test devices, including reinstalling devices in test labs
Provide regular summary reporting of test results by device to help evaluate health","軟韌體測試工程師, AI工程師, 機器學習工程師",不需負擔管理責任,日班,未知,無需出差外派,英文,--,不拘,無,2025-12-01,8vm55|2025-12-01
88eg8,網通介面整合工程師,台塑_臺灣塑膠工業股份有限公司,塑膠製品製造業,新北市五股區,3年以上,大學,待遇面議,"上市上櫃, 年終獎金, 節日獎金/禮品, 津貼/補助, 員工旅遊",12/01,"1.開發並維護程式軟體於Modbus TCP數據收集，計算與轉存
2.系統SQL資料庫規劃以及FLUX DB經驗
3.特殊數值演算法與資料過濾器撰寫
4.負責c sharp、或其他C graphics腳本編撰寫
5.其他python與其他program語言轉換","資料工程師, 演算法工程師",不需負擔管理責任,日班,未知,需出差，一年累積時間未定,不拘,"C++, C#, Word, Excel","軟體程式設計, 資料庫程式設計",無,2025-12-01,88eg8|2025-12-01
8ut0e,[行政]健康台灣深耕計畫-資訊工程師(範疇3子計畫15),新光醫院_新光醫療財團法人新光吳火獅紀念醫院,醫院,台北市士林區,經歷不拘,大學,"月薪50,000元","年終獎金, 節日獎金/禮品, 津貼/補助, 員工旅遊, 社團活動",12/01,"1.熟悉C#語言
2.熟RESTful API
3.熟悉MS SQL Server資料庫及SQL語法
4.有FHIR相關經驗者佳
5.具備 物件導向 基礎觀念
6.善於溝通、配合團隊合作
7.具獨立開發能力與經驗
8.態度積極,抗壓性高","軟體工程師, 系統分析師, 數據分析師／資料分析師",不需負擔管理責任,日班，08:30~17:30,未知,無需出差外派,英文,--,不拘,"1.享勞健保及年終獎金1.5個月(年終獎金依到職月份比例計算)
2.此為定期人員，一年一聘(可上班日至115年12月31日)，116-118年視計畫執行成效，另行簽聘或可優先討論轉為醫院正職人員。",2025-12-01,8ut0e|2025-12-01
8070q,倍智醫電-演算法資深工程師,倍利科技股份有限公司,電腦系統整合服務業,新竹市,3年以上,大學,待遇面議,"年終獎金, 節日獎金/禮品, 津貼/補助, 團體保險",12/01,"1. 帶領智慧醫療研發團隊開發智醫產品之核心演算法
2. 演算法設計、分析、模擬與最佳化
3. 針對流程、系統與產品等需求進行分析、設計及文件撰寫與驗證結果, 協助規劃內部控制制度，並檢核優化的成果是否落實執行
4. 熟悉C#/python/pyTorch/SQL/MangoDB/javascript尤佳
5. 具備醫學影像相關經驗者、醫療器材規範與品質系統經驗者尤佳
6. 需國外出差","演算法工程師, 軟體工程師",不需負擔管理責任,日班，09:00~18:00,未知,需出差，一年累積時間約三個月以下,中文,"C#, Python",不拘,"電機電子工程相關,資訊工程相關,數學, 統計及電算機科學學科類為佳
醫學影像相關經驗者、醫療器材規範與品質系統經驗者尤佳
擅長工具: python/SQL",2025-12-01,8070q|2025-12-01
6y6ga,資訊管理工程師(林口&桃園青埔),佳醫集團_集康國際股份有限公司,其他醫療保健服務業,桃園市大園區,1年以上,專科,"年薪380,000~750,000元","年終獎金, 節日獎金/禮品, 津貼/補助, 分紅配股, 家庭日",12/01,"1.公司內部電腦軟硬體及週邊設備的配置設定與使用上之維護。
2.維護公司系統、開發新客戶需使用之報表
3.網路設備架設及服務障排除。
4.其他專案
5.需配合至林口倉支援:新北市林口區文化二路二段383號","資訊設備管制人員, 資料庫管理人員, 網路管理工程師",不需負擔管理責任,日班，8:30 ~ 17:30,未知,無需出差外派,英文,"Windows Server 2008, Windows Server 2012, ASP, Visual Basic .net, MS SQL, Oracle, Excel, Outlook, PowerPoint, Word",不拘,"1.具網頁開發經驗(ASP.NET,ASP,SQLServer,Oracle)
2.有醫藥或物流相關產業經驗佳
3.可配合調整上班地點(林口/龜山)
4.偶而需至中/南區辦公室出差處理資訊作業",2025-12-01,6y6ga|2025-12-01
7zdqx,自動化開發工程師,皇基股份有限公司,生化科技研發業,台北市大安區,3年以上,大學,待遇面議,"距捷運忠孝敦化站約340公尺, 年終獎金, 節日獎金/禮品, 津貼/補助, 員工宿舍",12/01,"【待遇說明】
1. 大學畢業之新鮮人起薪為月薪$35,000，碩士畢業之新鮮人起薪為月薪$42,000。
2. 工作資歷累計8年(含)以上者，月薪另議。

【職務需求】
1.負責協助導入與維護生產自動化系統
2.願意投入科技農業創新產業、勇於面對挑戰。
3.瞭解自動化系統設計，對系統開發有興趣者。
4.瞭解影像識別控制技術，有實作經驗者佳。
5.具備溝通能力能獨立作業，擔任專案對內外溝通協調窗口。
6.對程式設計有熱情、不排斥學習不同領域程式語言。
7.能配合不定時安排出差。

【擅長工具】
Python語言、C#、C++、T-SQL。
▹熟悉影像處理、電腦視覺、圖樣識別與機器學習領域者。
▹具備YoloV4、Keras、整合AI平台、OpenCV開發經驗者。
▹具備SolVision或 VisionPro Deep Learning軟體模型訓練經驗。
▹有光學系統建構(CCD、鏡頭、光源規格選定) 經驗。
▹有自動控制或光學檢測軟體設計經驗。

【其他條件】
1. 有工作熱誠、積極、細心、主動解決問題能力。
2. 主動學習新知熱誠，並有高度抗壓性及獨力作業能力。
3. 重視團隊合作、能互相討論與技術分享者。
4. 能配合公司制度與文化並具備良好適應能力。","硬體研發工程師, 演算法工程師, 軟體工程師",不需負擔管理責任,日班,未知,需出差，一年累積時間約三個月以下,英文,"C#, C++, Python",不拘,無,2025-12-01,7zdqx|2025-12-01
8v813,機器人系統開發工程師,眾陽機械製造股份有限公司,電力機械器材製造修配業,新北市土城區,經歷不拘,專科,待遇面議,"年終獎金, 節日獎金/禮品, 員工旅遊, 部門聚餐, 團體保險",12/01,"1. 設計並開發 ROS2 DDS 架構之派車與交管系統模組
2.建立與維護車隊任務排程、路徑分配、狀態監控等機制
3.撰寫與整合 ROS2 nodes，包含 topic、service、action 等通訊邏輯
4.實作跨平台或多車系統（multi-robot）之通訊與任務協調邏輯
5.分析並優化 DDS 通訊效能與資料封裝效率
6.協助開發容錯與異常處理模組（如：fail-safe、watchdog、recovery flow）","軟體工程師, 通訊軟體工程師, 演算法工程師",不需負擔管理責任,日班,未知,無需出差外派,不拘,"C++, Python, Linux, TCP/IP",軟體程式設計,"基本技能：
1.熟悉 ROS2 架構與開發流程
2.熟悉 DDS（Data Distribution Service）中介通訊協定
3.熟悉 C++ 或 Python，並能於 Linux 環境開發
4.熟悉多線程與非同步設計（async / multithreading）
5.具備良好的模組化與軟體架構設計能力

具以下經驗尤佳：
1.有 AMR / AGV 系統開發經驗者佳
2.熟悉 ROS2 與多主機協調（multi-robot communication）
3.有派車系統、任務調度、交通協調等邏輯開發經驗
4.熟悉 Docker、CI/CD、GitOps 等 DevOps 工具流程
5.熟悉容錯設計（如 failover、hot standby、健康檢查）",2025-12-01,8v813|2025-12-01
7oja0,FAE顧問工程師(投資顧問部),永豐金證券股份有限公司,證券及期貨業,台北市中正區,2年以上,碩士,"月薪50,000元以上","年終獎金, 節日獎金/禮品, 津貼/補助, 不扣薪病/事假, 員工優惠",12/01,"1.負責國內外證券大數據分析、自動化、視覺化產出投資相關工具、產品、服務、策略
2.負責XQ交易推展業務
3.負責Python交易API推展業務
4.精進與創新各種演算法應用
5.參與線上獲客經營專案","金融研究員, 演算法工程師, 國內業務",不需負擔管理責任,日班,未知,無需出差外派,英文,"Python, VBA","期貨交易與證券分析, 網站企劃能力, 網路活動規劃與執行","1.具備金融相關經驗與知識及證券相關經驗2年以上
2.具備基礎程式語言能力如Python、VB、SQL、C、爬蟲等技能 
3.對投資顧問業務工作具備高度興趣
4.可配合國內出差",2025-12-01,7oja0|2025-12-01
7j4oy,後端工程師,巨量移動科技股份有限公司,電腦軟體服務業,台北市內湖區,2年以上,大學,待遇面議,遠端工作,12/01,"1. 建置雲端Server以及權限管理和維護
2. 建置使用者與資料庫的API溝通管道，授權以及權限管理
3. 確認系統的目的與功能，進行程序開發、管理與維護及安全測試 。
4. 改進產品維運流程、自動化工具開發與維護
5. 伺服端應用程式開發、更新，錯誤追蹤與程式碼管理
6. 前端架構規劃與文件撰寫。
7. 跨部門的專案合作開發。","資料庫管理人員, 演算法工程師",不需負擔管理責任,日班,部分遠端,無需出差外派,英文,"Linux, Java, PHP, Python, MS SQL","伺服器網站管理維護, 軟體程式設計, Machine Learning, 資料庫系統管理維護, 資料庫軟體應用","1.熟悉Linux作業系統和DevOps相關工具如 docker，kubernetes。
2.熟悉雲平台服務端架構者佳、以及server權限管理。
3.熟悉網路安全相關建置和經驗為佳。
4.精通MySQL，能獨立設計完資料庫與性能優化。
5.API 設計與撰寫經驗、後端系統分析、設計以及程式撰寫。
6. 有多人協作工具 Git 使用經驗。
優先面試數位發展部數位產業署DIGI TALENT計畫之結訓研習生(AI) 2023GIGITALENT (AI)",2025-12-01,7j4oy|2025-12-01
8krp8,實習生-2025年派駐Downtown Berkeley@USA,巨量移動科技股份有限公司,電腦軟體服務業,台北市內湖區,經歷不拘,大學,時薪200元以上,,12/01,"我們歡迎大學在校生或即將畢業的學生申請，並且不限於特定科系。
我們期望您具備基礎的商業知識，
以及良好的英文溝通能力(需提供相關證明)，
有2025年會有三個月時間會UCBerkley受訓，
公司會有相對應補助金(面談)
***************************************************************************
如有興趣 若可以請準備個人履歷或相關作品說明                                                                               

***************************************************************************","AI工程師, 資料科學家, 數據分析師／資料分析師",不需負擔管理責任,日班，09:30~18: 30 ( 午休 12:00-13:00),未知,無需出差外派,不拘,"Excel, PowerPoint, 中文打字50~75",不拘,"1.有責任心、團隊精神、溝通、樂於自主學習
2.領域不拘，但對醫學應用有經驗或興趣

薪資範圍：
1.面議
2.如有其他實務經驗或能力證明，薪資幅度可談。
3.另設有專案獎金(專案完成後可以領取))",2025-12-01,8krp8|2025-12-01
8mfw9,[集團] 後端工程師/專員（含AI應用推動）,AVIS艾維士租車_安維斯汽車租賃股份有限公司,運輸工具設備租賃業,新北市三重區,3年以上,大學,待遇面議,"節日獎金/禮品, 津貼/補助, 彈性上下班, 家庭日, 免費下午茶",12/01,"負責後端系統開發(含ERP及相關應用)、API 設計與開發、資料庫維護與優化。
參與新應用開發、現有系統維護、效能優化。
與團隊成員合作，共同解決技術問題、進行程式碼審查、參與技術討論。
撰寫高品質、可維護的程式碼。
進行單元測試與整合測試，確保程式碼品質。
撰寫相關技術文件。","系統分析師, MIS程式設計師, 軟體工程師",不需負擔管理責任,日班,未知,無需出差外派,不拘,"Python, Visual Basic .net, Visual Studio .net, MS SQL",不拘,"熟悉 Microsoft Visual Studio 開發環境。
熟悉 Visual Studio Code 開發工具。
熟悉 Postman API 測試工具。
熟悉 JSON:API 規範。
精通 Python 程式語言。
熟悉 MSSQL 資料庫，具備資料庫設計與優化經驗。
具備良好的程式設計習慣與程式碼品質意識。
具備良好的溝通能力與團隊合作精神。
具備獨立解決問題的能力。
具備雲端平台開發經驗者佳。",2025-12-01,8mfw9|2025-12-01
